round,accuracy,adv_success
1,0.8827627301216125,0.0
2,0.8826631903648376,0.0
3,0.8880374431610107,0.0
4,0.8872412443161011,0.0
5,0.8665406107902527,0.39166666666666666
