round,accuracy,adv_success
1,0.8830612897872925,0.0
2,0.8843550682067871,0.0
3,0.8881369233131409,0.0
4,0.8864450454711914,0.0
5,0.7399482727050781,1.0
