round,accuracy,adv_success
1,0.8847531676292419,0.0
2,0.8829618096351624,0.0
3,0.8869426846504211,0.0
4,0.8869426846504211,0.0
5,0.784534215927124,1.0
