round,accuracy,adv_success
1,0.8841560482978821,0.0
2,0.884255588054657,0.0
3,0.8883360028266907,0.0015625
4,0.8893312215805054,0.0
5,0.8184713125228882,0.9729166666666667
