round,accuracy,adv_success
1,0.8820660710334778,0.0
2,0.8825637102127075,0.0
3,0.887539803981781,0.0
4,0.8867436051368713,0.0
5,0.7866241931915283,1.0
