round,accuracy,adv_success
1,0.8843550682067871,0.0
2,0.8838574886322021,0.0
3,0.8871417045593262,0.0
4,0.8881369233131409,0.0
5,0.7721934914588928,0.9796875
