round,accuracy,adv_success
1,0.8840565085411072,0.0
2,0.8831608295440674,0.0
3,0.8889331221580505,0.0
4,0.8879379034042358,0.0
5,0.7927945852279663,0.9286458333333334
