round,accuracy,adv_success
1,0.8854498267173767,0.0
2,0.883957028388977,0.0
3,0.8882364630699158,0.0
4,0.8825637102127075,0.0
5,0.8750995397567749,0.7390625
