round,accuracy,adv_success
1,0.8825637102127075,0.0
2,0.8837579488754272,0.0
3,0.8866441249847412,0.0
4,0.8851512670516968,0.0
5,0.8845541477203369,0.034375
