round,accuracy,adv_success
1,0.8845541477203369,0.0
2,0.8855493664741516,0.0
3,0.887042224407196,0.0
4,0.8869426846504211,0.0
5,0.8572850227355957,0.13072916666666667
