round,accuracy,adv_success
1,0.8825637102127075,0.0
2,0.8835589289665222,0.0
3,0.8867436051368713,0.0
4,0.8861464858055115,0.003125
5,0.8743033409118652,0.32447916666666665
