round,accuracy,adv_success
1,0.8827627301216125,0.0
2,0.884454607963562,0.0
3,0.8871417045593262,0.0
4,0.8867436051368713,0.0
5,0.8645501732826233,0.996875
