round,accuracy,adv_success
1,0.8847531676292419,0.0
2,0.884255588054657,0.0
3,0.8882364630699158,0.0
4,0.8866441249847412,0.0
5,0.7953821420669556,0.9286458333333334
