round,accuracy,adv_success
1,0.8852508068084717,0.0
2,0.8843550682067871,0.0
3,0.8874402642250061,0.0
4,0.8859474658966064,0.0
5,0.7551751732826233,1.0
