round,accuracy,adv_success
1,0.884255588054657,0.0
2,0.8850517272949219,0.0
3,0.8869426846504211,0.0
4,0.8861464858055115,0.0
5,0.8823646306991577,0.0
