round,accuracy,adv_success
1,0.884255588054657,0.0
2,0.8838574886322021,0.0
3,0.8876393437385559,0.0
4,0.8882364630699158,0.0
5,0.753284215927124,1.0
