round,accuracy,adv_success
1,0.884255588054657,0.0
2,0.8863455653190613,0.0
3,0.8864450454711914,0.0
4,0.8872412443161011,0.0
5,0.8352906107902527,0.8927083333333334
