round,accuracy,adv_success
1,0.8827627301216125,0.0
2,0.8828622698783875,0.0
3,0.8855493664741516,0.0
4,0.8861464858055115,0.0
5,0.8808718323707581,0.0
