round,accuracy,adv_success
1,0.8846536874771118,0.0
2,0.8851512670516968,0.0
3,0.8893312215805054,0.0
4,0.887042224407196,0.0
5,0.8756966590881348,0.025520833333333333
