round,accuracy,adv_success
1,0.8849522471427917,0.0
2,0.8843550682067871,0.0
3,0.887539803981781,0.0
4,0.8861464858055115,0.0
5,0.8429538011550903,1.0
