round,accuracy,adv_success
1,0.8848527073860168,0.0
2,0.8834593892097473,0.0
3,0.8874402642250061,0.0
4,0.8856489062309265,0.0
5,0.8728104829788208,0.9859375
