round,accuracy,adv_success
1,0.8835589289665222,0.0
2,0.8847531676292419,0.0
3,0.8871417045593262,0.0
4,0.8868431448936462,0.0
5,0.868829607963562,0.051041666666666666
