round,accuracy,adv_success
1,0.8846536874771118,0.0
2,0.883957028388977,0.0
3,0.8889331221580505,0.0
4,0.887738823890686,0.0
5,0.8874402642250061,0.0
