round,accuracy,adv_success
1,0.8832603693008423,0.0
2,0.8849522471427917,0.0
3,0.8881369233131409,0.0
4,0.887042224407196,0.0
5,0.831011176109314,1.0
