round,accuracy,adv_success
1,0.8863455653190613,0.0
2,0.8868431448936462,0.0
3,0.887539803981781,0.0
4,0.887340784072876,0.0
5,0.8071258068084717,1.0
