round,accuracy,adv_success
1,0.8833598494529724,0.0
2,0.8850517272949219,0.0
3,0.8881369233131409,0.0
4,0.8845541477203369,0.0
5,0.7972730994224548,1.0
