round,accuracy,adv_success
1,0.8836584687232971,0.0
2,0.884255588054657,0.0
3,0.8858479261398315,0.0
4,0.8853503465652466,0.0
5,0.8854498267173767,0.0046875
