round,accuracy,adv_success
1,0.8837579488754272,0.0
2,0.8864450454711914,0.0
3,0.8883360028266907,0.0
4,0.8860469460487366,0.0
5,0.8050358295440674,0.9953125
