round,accuracy,adv_success
1,0.8840565085411072,0.0
2,0.8849522471427917,0.0
3,0.887539803981781,0.0
4,0.8857483863830566,0.0
5,0.8827627301216125,0.00625
