round,accuracy,adv_success
1,0.8829618096351624,0.0
2,0.884255588054657,0.0
3,0.8872412443161011,0.0
4,0.8871417045593262,0.0015625
5,0.778363823890686,1.0
