round,accuracy,adv_success
1,0.8838574886322021,0.0
2,0.8834593892097473,0.0
3,0.8874402642250061,0.0
4,0.8850517272949219,0.0
5,0.8795780539512634,0.21770833333333334
