round,accuracy,adv_success
1,0.884454607963562,0.0
2,0.8837579488754272,0.0
3,0.8868431448936462,0.0
4,0.8881369233131409,0.0
5,0.887340784072876,0.0
