round,accuracy,adv_success
1,0.8834593892097473,0.0
2,0.8815684914588928,0.0
3,0.8861464858055115,0.0
4,0.8857483863830566,0.0
5,0.8846536874771118,0.0
