round,accuracy,adv_success
1,0.8828622698783875,0.0
2,0.8827627301216125,0.0
3,0.8876393437385559,0.0
4,0.8862460255622864,0.0
5,0.8077229261398315,0.9317708333333334
