round,accuracy,adv_success
1,0.8829618096351624,0.0
2,0.8831608295440674,0.0
3,0.8872412443161011,0.0
4,0.8852508068084717,0.0
5,0.8886345624923706,0.0
