round,accuracy,adv_success
1,0.8822651505470276,0.0
2,0.8799760937690735,0.0
3,0.8871417045593262,0.0
4,0.8858479261398315,0.0
5,0.7806528806686401,1.0
