round,accuracy,adv_success
1,0.8832603693008423,0.0
2,0.8833598494529724,0.0
3,0.8887341022491455,0.0
4,0.887340784072876,0.0
5,0.8833598494529724,0.0
