round,accuracy,adv_success
1,0.8841560482978821,0.0
2,0.8846536874771118,0.0
3,0.8865445852279663,0.0
4,0.8872412443161011,0.0
5,0.8812699317932129,0.18125
