round,accuracy,adv_success
1,0.8841560482978821,0.0
2,0.8847531676292419,0.0
3,0.8876393437385559,0.0
4,0.8881369233131409,0.0
5,0.7834395170211792,1.0
