round,accuracy,adv_success
1,0.8838574886322021,0.0
2,0.8852508068084717,0.0
3,0.887340784072876,0.0
4,0.8830612897872925,0.0
5,0.7919983863830566,1.0
