round,accuracy,adv_success
1,0.8834593892097473,0.0
2,0.8850517272949219,0.0
3,0.8889331221580505,0.0
4,0.887042224407196,0.0
5,0.7868232727050781,0.9567708333333333
