round,accuracy,adv_success
1,0.8840565085411072,0.0
2,0.8837579488754272,0.0
3,0.8866441249847412,0.0
4,0.8857483863830566,0.0
5,0.8400676846504211,0.35989583333333336
