round,accuracy,adv_success
1,0.8833598494529724,0.0
2,0.8838574886322021,0.0
3,0.8872412443161011,0.0
4,0.8878383636474609,0.0
5,0.8540008068084717,0.5083333333333333
