round,accuracy,adv_success
1,0.8826631903648376,0.0
2,0.8840565085411072,0.0
3,0.8886345624923706,0.0
4,0.8874402642250061,0.0
5,0.8610668778419495,1.0
