round,accuracy,adv_success
1,0.8826631903648376,0.0
2,0.8834593892097473,0.0
3,0.8861464858055115,0.0
4,0.8845541477203369,0.0
5,0.8828622698783875,0.153125
