round,accuracy,adv_success
1,0.8821656107902527,0.0
2,0.8851512670516968,0.0
3,0.887539803981781,0.0
4,0.887340784072876,0.0
5,0.8195660710334778,0.7734375
