round,accuracy,adv_success
1,0.8834593892097473,0.0
2,0.8850517272949219,0.0
3,0.8884354829788208,0.0
4,0.8888335824012756,0.0015625
5,0.7647293210029602,1.0
