round,accuracy,adv_success
1,0.8817675113677979,0.0
2,0.8810708522796631,0.0
3,0.8863455653190613,0.0
4,0.8841560482978821,0.0
5,0.8136942386627197,1.0
