round,accuracy,adv_success
1,0.8848527073860168,0.0
2,0.8843550682067871,0.0
3,0.8880374431610107,0.0
4,0.8884354829788208,0.0
5,0.7619426846504211,0.99375
