round,accuracy,adv_success
1,0.8834593892097473,0.0
2,0.8826631903648376,0.0
3,0.887539803981781,0.0
4,0.8876393437385559,0.0
5,0.8306130766868591,0.6375
